city,state_name
South Creek,Washington
Fenwick Island,Delaware
Washington,District of Columbia
Stone Lake,Wisconsin
Arbovale,West Virginia
Paauilo,Hawaii
North Key Largo,Florida
Whiting,Wyoming
Somersworth,New Hampshire
Carlstadt,New Jersey
El Cerro Mission,New Mexico
Trenton,Texas
Norco,Louisiana
Oscarville,Alaska
Trenton,North Carolina
Langdon,North Dakota
Ansley,Nebraska
Trenton,Tennessee
Port Jervis,New York
Cheyney University,Pennsylvania
Hope Valley,Rhode Island
Lamoille,Nevada
Dale City,Virginia
Sanford,Colorado
El Dorado Hills,California
Moores Mill,Alabama
McDougal,Arkansas
North Westminster,Vermont
Trenton,Illinois
Trenton,Georgia
Crawfordsville,Indiana
Lidderdale,Iowa
West Falmouth,Massachusetts
Freedom Acres,Arizona
Albion,Idaho
North Grosvenor Dale,Connecticut
Sanford,Maine
Dargan,Maryland
Wister,Oklahoma
Trenton,Ohio
Trenton,Utah
Trenton,Missouri
Birchwood Village,Minnesota
Trenton,Michigan
Holyrood,Kansas
Cooke City,Montana
Crystal Springs,Mississippi
Mar√≠a Antonia,Puerto Rico
Trenton,South Carolina
Trenton,Kentucky
Crawfordsville,Oregon
White Horse,South Dakota
